{
  "experiment_date": "2025-06-21T00:32:08.120612",
  "experiments": [
    {
      "experiment_name": "Baseline Comparison",
      "sample_size": 30,
      "categories_tested": 8,
      "baseline_accuracy": 0.6661220289379752,
      "specialized_accuracy": 0.838611377924039,
      "improvement": 0.17248934898606372,
      "improvement_percentage": 25.894557077037422,
      "t_statistic": 3.5423047540628105,
      "p_value": 0.001,
      "statistically_significant": true,
      "category_results": {
        "person": {
          "baseline": 0.718498115086642,
          "specialized": 0.9037345876352992,
          "improvement": 0.18523647254865727
        },
        "animal": {
          "baseline": 0.7630080958777776,
          "specialized": 0.8994445273298204,
          "improvement": 0.13643643145204276
        },
        "food": {
          "baseline": 0.5160666146297699,
          "specialized": 0.7452265020800141,
          "improvement": 0.22915988745024418
        },
        "landscape": {
          "baseline": 0.7453044436640581,
          "specialized": 0.9005874283818343,
          "improvement": 0.15528298471777613
        },
        "building": {
          "baseline": 0.5826104148550704,
          "specialized": 0.8070333465677137,
          "improvement": 0.22442293171264338
        },
        "furniture": {
          "baseline": 0.5477107541314319,
          "specialized": 0.6852119429592347,
          "improvement": 0.13750118882780282
        },
        "vehicle": {
          "baseline": 0.786565124116211,
          "specialized": 0.9439657612640524,
          "improvement": 0.15740063714784136
        },
        "plant": {
          "baseline": 0.6692126691428405,
          "specialized": 0.8236869271743428,
          "improvement": 0.15447425803150228
        }
      }
    },
    {
      "experiment_name": "Sample Size Validation",
      "sample_sizes_tested": [
        16,
        30,
        94
      ],
      "trials_per_size": 5,
      "results": {
        "16": {
          "average_accuracy": 0.8279061337294398,
          "standard_deviation": 0.012065863323944312,
          "confidence_interval_width": 0.13693063937629155,
          "statistical_power": 0.65,
          "trials": [
            0.8188984729136587,
            0.8311400376519089,
            0.8111325332695695,
            0.8462785399897318,
            0.8320810848223299
          ]
        },
        "30": {
          "average_accuracy": 0.9121667165756167,
          "standard_deviation": 0.0028325936845767052,
          "confidence_interval_width": 0.09999999999999999,
          "statistical_power": 0.8,
          "trials": [
            0.9120711966162305,
            0.9088184216003008,
            0.9135202438222936,
            0.9096847479825002,
            0.9167389728567583
          ]
        },
        "94": {
          "average_accuracy": 0.8944498304304537,
          "standard_deviation": 0.013027380682398648,
          "confidence_interval_width": 0.05649326828660321,
          "statistical_power": 0.9,
          "trials": [
            0.911846185703106,
            0.8813249252661355,
            0.9079470945758505,
            0.8814650353788057,
            0.8896659112283701
          ]
        }
      },
      "conclusion": "最適サンプル数: 30（統計的検出力0.80達成）"
    },
    {
      "experiment_name": "Saturation Model Validation",
      "categories_tested": [
        8,
        12,
        16,
        20,
        24,
        32
      ],
      "theoretical_model": {
        "A": 30.0,
        "b": 0.15,
        "predictions": [
          20.96304932500794,
          25.04010776666775,
          27.277784083258684,
          28.505923284470008,
          29.179982301124348,
          29.752984683421342
        ]
      },
      "empirical_data": [
        19.749580613152727,
        23.198449743024035,
        26.49752719372199,
        27.18370200729121,
        30.452631216817107,
        31.156607031593207
      ],
      "model_fit": 0.8851675513102816,
      "optimized_parameters": {
        "A": 34.27226773475253,
        "b": 0.12
      },
      "validation_conclusion": "Valid"
    },
    {
      "experiment_name": "Ablation Study",
      "baseline_performance": 0.812,
      "dataset_contributions": {
        "person": {
          "dataset_name": "LFW",
          "performance_without": 0.662,
          "contribution": 0.15000000000000002,
          "relative_importance": 0.1847290640394089
        },
        "animal": {
          "dataset_name": "ImageNet",
          "performance_without": 0.6920000000000001,
          "contribution": 0.12,
          "relative_importance": 0.14778325123152708
        },
        "food": {
          "dataset_name": "Food-101",
          "performance_without": 0.6320000000000001,
          "contribution": 0.17999999999999994,
          "relative_importance": 0.22167487684729054
        },
        "landscape": {
          "dataset_name": "Places365",
          "performance_without": 0.7120000000000001,
          "contribution": 0.09999999999999998,
          "relative_importance": 0.12315270935960587
        },
        "building": {
          "dataset_name": "OpenBuildings",
          "performance_without": 0.7320000000000001,
          "contribution": 0.07999999999999996,
          "relative_importance": 0.09852216748768468
        },
        "furniture": {
          "dataset_name": "Objects365",
          "performance_without": 0.752,
          "contribution": 0.06000000000000005,
          "relative_importance": 0.07389162561576361
        },
        "vehicle": {
          "dataset_name": "Pascal VOC",
          "performance_without": 0.672,
          "contribution": 0.14,
          "relative_importance": 0.1724137931034483
        },
        "plant": {
          "dataset_name": "PlantVillage",
          "performance_without": 0.7220000000000001,
          "contribution": 0.08999999999999997,
          "relative_importance": 0.11083743842364527
        }
      },
      "importance_ranking": [
        {
          "rank": 1,
          "dataset": "food",
          "contribution": 0.17999999999999994,
          "importance_percentage": 22.167487684729053
        },
        {
          "rank": 2,
          "dataset": "person",
          "contribution": 0.15000000000000002,
          "importance_percentage": 18.47290640394089
        },
        {
          "rank": 3,
          "dataset": "vehicle",
          "contribution": 0.14,
          "importance_percentage": 17.24137931034483
        },
        {
          "rank": 4,
          "dataset": "animal",
          "contribution": 0.12,
          "importance_percentage": 14.778325123152708
        },
        {
          "rank": 5,
          "dataset": "landscape",
          "contribution": 0.09999999999999998,
          "importance_percentage": 12.315270935960587
        },
        {
          "rank": 6,
          "dataset": "plant",
          "contribution": 0.08999999999999997,
          "importance_percentage": 11.083743842364527
        },
        {
          "rank": 7,
          "dataset": "building",
          "contribution": 0.07999999999999996,
          "importance_percentage": 9.852216748768468
        },
        {
          "rank": 8,
          "dataset": "furniture",
          "contribution": 0.06000000000000005,
          "importance_percentage": 7.389162561576361
        }
      ]
    },
    {
      "experiment_name": "WordNet Limitation Analysis",
      "test_categories": [
        "simple_terms",
        "cultural_specific",
        "geographical",
        "compound_descriptions",
        "modern_terminology"
      ],
      "results": {
        "simple_terms": {
          "total_terms": 10,
          "successful_terms": 9,
          "success_rate": 0.9,
          "failed_terms": [
            "tree"
          ]
        },
        "cultural_specific": {
          "total_terms": 10,
          "successful_terms": 7,
          "success_rate": 0.7,