{
  "experiment_name": "スケーラビリティ実験",
  "start_time": "2025-06-26T15:35:22.974164",
  "cloud_load_testing": {
    "vercel": {
      "max_concurrent_requests": 1000,
      "response_times": {
        "load_10": 153.2623538197305,
        "load_50": 202.7240901789757,
        "load_100": 215.8311643103813,
        "load_250": 361.61491908538136,
        "load_500": 553.6694517845847,
        "load_1000": 943.160624640936,
        "load_1500": 10000
      },
      "error_rates": {
        "load_10": 0,
        "load_50": 1.1350497806447728,
        "load_100": 0.5803933269371764,
        "load_250": 1.6847492195666967,
        "load_500": 1.1918810382050218,
        "load_1000": 2.9231069662633047,
        "load_1500": 95
      },
      "auto_scaling": true,
      "optimal_load": 700,
      "performance_score": 95
    },
    "render": {
      "max_concurrent_requests": 500,
      "response_times": {
        "load_10": 199.71966805461463,
        "load_50": 227.5087532838352,
        "load_100": 292.9674520691495,
        "load_250": 403.7640876192898,
        "load_500": 599.9675181162409,
        "load_1000": 10000,
        "load_1500": 15000
      },
      "error_rates": {
        "load_10": 0.8460291526915837,
        "load_50": 0.9126842924909688,
        "load_100": 0.5735929251795575,
        "load_250": 1.2522318516917712,
        "load_500": 2.9484022429873287,
        "load_1000": 95,
        "load_1500": 95
      },
      "auto_scaling": true,
      "optimal_load": 350,
      "performance_score": 95
    },
    "local_server": {
      "max_concurrent_requests": 50,
      "response_times": {
        "load_10": 82.03226885546897,
        "load_50": 122.10116400726503,
        "load_100": 5500,
        "load_250": 7000,
        "load_500": 9500,
        "load_1000": 14500,
        "load_1500": 19500
      },
      "error_rates": {
        "load_10": 0.19728402312600712,
        "load_50": 2.3227833420577175,
        "load_100": 30.0,
        "load_250": 95,
        "load_500": 95,
        "load_1000": 95,
        "load_1500": 95
      },
      "auto_scaling": false,
      "optimal_load": 35,
      "performance_score": 95
    }
  },
  "dataset_scaling": {
    "dataset_1000": {
      "dataset_size": 1000,
      "processing_time_seconds": 3.0999999999999996,
      "accuracy_percent": 87.079,
      "memory_usage_mb": 162.5,
      "throughput_items_per_sec": 322.58064516129036,
      "scalability_efficient": true,
      "accuracy_maintained": true
    },
    "dataset_5000": {
      "dataset_size": 5000,
      "processing_time_seconds": 6.3,
      "accuracy_percent": 86.99499999999999,
      "memory_usage_mb": 212.5,
      "throughput_items_per_sec": 793.6507936507936,
      "scalability_efficient": true,
      "accuracy_maintained": true
    },
    "dataset_10000": {
      "dataset_size": 10000,
      "processing_time_seconds": 10.3,
      "accuracy_percent": 86.89,
      "memory_usage_mb": 275.0,
      "throughput_items_per_sec": 970.8737864077669,
      "scalability_efficient": true,
      "accuracy_maintained": true
    },
    "dataset_50000": {
      "dataset_size": 50000,
      "processing_time_seconds": 18.1,
      "accuracy_percent": 85.8,
      "memory_usage_mb": 775.0,
      "throughput_items_per_sec": 2762.430939226519,
      "scalability_efficient": true,
      "accuracy_maintained": true
    },
    "dataset_100000": {
      "dataset_size": 100000,
      "processing_time_seconds": 24.1,
      "accuracy_percent": 86.8,
      "memory_usage_mb": 1400.0,
      "throughput_items_per_sec": 4149.377593360996,
      "scalability_efficient": true,
      "accuracy_maintained": true
    },
    "dataset_500000": {
      "dataset_size": 500000,
      "processing_time_seconds": 42.9,
      "accuracy_percent": 85.37777777777777,
      "memory_usage_mb": 6400.0,
      "throughput_items_per_sec": 11655.011655011655,
      "scalability_efficient": true,
      "accuracy_maintained": true
    },
    "dataset_1000000": {
      "dataset_size": 1000000,
      "processing_time_seconds": 53.4,
      "accuracy_percent": 83.6,
      "memory_usage_mb": 12650.0,
      "throughput_items_per_sec": 18726.591760299627,
      "scalability_efficient": true,
      "accuracy_maintained": false
    },
    "analysis": {
      "linear_scaling_limit": 100000,
      "optimal_batch_size": 50000,
      "memory_efficiency_threshold": 500000,
      "recommended_partitioning": {
        "small_datasets": "< 10K: single batch",
        "medium_datasets": "10K-100K: optimized batching",
        "large_datasets": "> 100K: distributed processing"
      }
    }
  },
  "concurrent_access": {
    "users_1": {
      "concurrent_users": 1,
      "avg_response_time_ms": 128.5,
      "queue_wait_time_ms": 2.1,
      "success_rate_percent": 99.4,
      "cpu_usage_percent": 16.2,
      "memory_usage_percent": 25.8,
      "system_stable": true
    },
    "users_5": {
      "concurrent_users": 5,
      "avg_response_time_ms": 162.5,
      "queue_wait_time_ms": 10.5,
      "success_rate_percent": 99.0,
      "cpu_usage_percent": 21.0,
      "memory_usage_percent": 29.0,
      "system_stable": true
    },
    "users_10": {
      "concurrent_users": 10,
      "avg_response_time_ms": 205.0,
      "queue_wait_time_ms": 21.0,
      "success_rate_percent": 98.5,
      "cpu_usage_percent": 27.0,
      "memory_usage_percent": 33.0,
      "system_stable": true
    },
    "users_25": {
      "concurrent_users": 25,
      "avg_response_time_ms": 332.5,
      "queue_wait_time_ms": 52.5,
      "success_rate_percent": 97.0,
      "cpu_usage_percent": 45.0,
      "memory_usage_percent": 45.0,
      "system_stable": true
    },
    "users_50": {
      "concurrent_users": 50,
      "avg_response_time_ms": 647.5,
      "queue_wait_time_ms": 172.5,
      "success_rate_percent": 89.5,
      "cpu_usage_percent": 75.0,
      "memory_usage_percent": 65.0,
      "system_stable": false
    },
    "users_100": {
      "concurrent_users": 100,
      "avg_response_time_ms": 1262.5,
      "queue_wait_time_ms": 412.5,
      "success_rate_percent": 74.5,
      "cpu_usage_percent": 100,
      "memory_usage_percent": 100,
      "system_stable": false
    },
    "users_200": {
      "concurrent_users": 200,
      "avg_response_time_ms": 3135.0,
      "queue_wait_time_ms": 1302.5,
      "success_rate_percent": 70,
      "cpu_usage_percent": 100,
      "memory_usage_percent": 100,
      "system_stable": false
    },
    "users_500": {
      "concurrent_users": 500,
      "avg_response_time_ms": 8745.0,
      "queue_wait_time_ms": 3972.5,
      "success_rate_percent": 70,
      "cpu_usage_percent": 100,
      "memory_usage_percent": 100,
      "system_stable": false
    },
    "recommendations": {
      "light_load": {
        "max_users": 25,
        "recommended_resources": "2 CPU, 4GB RAM",
        "expected_response_time": "< 300ms"
      },
      "medium_load": {
        "max_users": 100,
        "recommended_resources": "4 CPU, 8GB RAM",
        "expected_response_time": "< 800ms"
      },
      "heavy_load": {
        "max_users": 200,
        "recommended_resources": "8 CPU, 16GB RAM + Load Balancer",
        "expected_response_time": "< 1500ms"
      }
    }
  },
  "resource_optimization": {
    "baseline": {
      "cpu_cores": 2,
      "memory_gb": 4,
      "storage_gb": 50,
      "cost_per_hour": 0.08,
      "max_throughput": 45.2,
      "efficiency_score": 56.7,
      "throughput_per_dollar": 565.0,
      "cost_efficiency_rank": "B"
    },
    "optimized": {
      "cpu_cores": 4,
      "memory_gb": 8,
      "storage_gb": 100,
      "cost_per_hour": 0.15,
      "max_throughput": 127.6,
      "efficiency_score": 85.1,
      "throughput_per_dollar": 850.6666666666666,
      "cost_efficiency_rank": "A"
    },
    "high_performance": {
      "cpu_cores": 8,
      "memory_gb": 16,
      "storage_gb": 200,
      "cost_per_hour": 0.28,
      "max_throughput": 234.8,
      "efficiency_score": 91.3,