{
  "experiment_name": "性能最適化実験",
  "start_time": "2025-06-26T15:34:10.199565",
  "throughput_tests": {
    "batch_1": {
      "throughput_images_per_sec": [
        62.66832114556233,
        61.757504940149296,
        46.52886572311642,
        61.22656898319571,
        47.519917347708464,
        54.09226848207477,
        54.34843109624427,
        52.22551605709951,
        64.83599861311077,
        49.02216870994589,
        50.340336975123805,
        47.68544848214914,
        64.4581988391115,
        53.92464991647373,
        64.86726226036915,
        53.63117069876448,
        51.161340034239636,
        57.88181240851695,
        54.60223897451289,
        43.7876852061318,
        65.01908877199448,
        46.996658337536246,
        71.2019415462303,
        48.44133488321227,
        61.50260628690018,
        73.1523035646814,
        50.40663898261123,
        62.79634105816606,
        62.18648749169304,
        55.7674718104509
      ],
      "mean_throughput": 56.46788592090255,
      "gpu_utilization": 38.661284617742346,
      "optimal_threshold": false
    },
    "batch_4": {
      "throughput_images_per_sec": [
        93.70264804504275,
        98.32743362887393,
        97.279252566425,
        88.12502463086847,
        70.40020350806006,
        92.5932935297675,
        81.12619408333956,
        83.48203574521503,
        70.49939566414577,
        111.50721956380872,
        129.82206301324953,
        78.4803299458267,
        69.93656482070581,
        115.23420757770185,
        75.26164144369322,
        79.82342237151596,
        74.72676475270032,
        97.87345797312474,
        77.89842207892464,
        102.53509420987811,
        90.48298197710776,
        99.14280342398604,
        95.56510442039462,
        104.76519320493706,
        81.04053506202715,
        82.19962502739867,
        83.96533334256998,
        84.54499504116183,
        84.80299072650924,
        97.72133921310746
      ],
      "mean_throughput": 89.76218568640225,
      "gpu_utilization": 64.2543404370064,
      "optimal_threshold": false
    },
    "batch_8": {
      "throughput_images_per_sec": [
        144.6687331180691,
        131.81222996522357,
        123.92361882238016,
        141.61631383663632,
        115.65131378736216,
        96.24861314481853,
        117.10660642545002,
        118.09219468399142,
        103.63394914221006,
        104.21700053419389,
        100.04665711904067,
        113.59927306406695,
        145.77363648841919,
        130.60892140524905,
        125.68672929484094,
        131.3512696030829,
        117.98465905078135,
        133.29856443358156,
        120.64181260698716,
        136.46046357096688,
        144.1314075498004,
        125.98081282676486,
        138.91162491388582,
        143.6146353568137,
        136.8229759578826,
        140.31182947801804,
        126.95471068027376,
        114.24168129442376,
        103.23347453328083,
        151.88833682454026
      ],
      "mean_throughput": 125.9504683171012,
      "gpu_utilization": 95.65133645979793,
      "optimal_threshold": false
    },
    "batch_16": {
      "throughput_images_per_sec": [
        135.1208887802456,
        204.20554998618644,
        162.61769579398356,
        195.9656228382068,
        206.00546887508813,
        215.86493545382035,
        126.5061277618547,
        175.27515924516118,
        183.50012612620822,
        193.3503618147465,
        187.65969609858354,
        233.65519290448498,
        176.39399629149645,
        200.25692204874045,
        218.775980887331,
        171.00109178409448,
        178.54160307704473,
        212.3221477956586,
        175.37279266405048,
        228.4127996124261,
        198.1785558110429,
        188.676478286145,
        192.26271056417065,
        184.62767465972448,
        216.79525282663346,
        165.3867109063454,
        201.70180553750401,
        260.7249217202844,
        198.1545792177348,
        219.61607796158827
      ],
      "mean_throughput": 193.5642975776862,
      "gpu_utilization": 94.64804025811267,
      "optimal_threshold": true
    },
    "batch_32": {
      "throughput_images_per_sec": [
        356.80892697918455,
        348.68839859538707,
        304.394812951917,
        339.24076852047864,
        259.9165496748106,
        354.8051712819153,
        352.31331887947573,
        326.54588947351994,
        323.7166515768759,
        328.49463241280915,
        298.24743637445715,
        366.3277211193391,
        262.16352801919254,
        303.9399802318064,
        395.55476245022396,
        284.84720408544587,
        386.2898424680177,
        312.42722407173056,
        317.37190843942125,
        404.005018834671,
        343.8267276759634,
        213.06410558072366,
        396.9337781126398,
        362.6499523361208,
        316.00189197587,
        326.3300243152553,
        300.08443116985194,
        290.4202072934639,
        369.3386573602937,
        285.0431588947507
      ],
      "mean_throughput": 327.65975603852047,
      "gpu_utilization": 95.56168557593496,
      "optimal_threshold": true
    },
    "batch_64": {
      "throughput_images_per_sec": [
        415.1689543850693,
        569.5408867346547,
        517.0872415951843,
        439.5141448653039,
        441.30712947477434,
        447.12723288685316,
        466.3752780129858,
        326.65661971218833,
        450.3149978035546,
        435.2679193636697,
        526.6551526312865,
        451.02837348039725,
        469.2013736133186,
        447.2318210459786,
        489.0865238894209,
        504.61677465785425,
        443.3946764973695,
        378.2895091436727,
        481.7231018961418,
        546.793252455326,
        520.971929509677,
        514.0823924998634,
        486.65728931848633,
        436.3096024155796,
        401.75343171271885,
        488.1969407826049,
        568.5398135465423,
        475.2684023855036,
        426.89083461219167,
        397.90633784123196
      ],
      "mean_throughput": 465.43193129231344,
      "gpu_utilization": 95.31815655144914,
      "optimal_threshold": true
    }
  },
  "memory_efficiency": {
    "baseline": {
      "peak_memory_mb": [
        3032.556484853235,
        2706.472146469005,
        2833.302546151596,
        2787.9895993679797,
        3018.573316404223,
        3115.5693842509663,
        2908.2848973213822,
        2924.9686744372275,
        2634.9863615070876,
        2945.1423772243165,
        2797.784446110852,
        2838.4283465497447,
        2796.751711529875,
        2904.4744300636353,
        2509.9527923551946,
        3161.2400886829596,
        2908.9683754459384,
        3083.905369536722,
        2984.511636942733,
        2921.410629324934,
        2778.8797734126256,
        2815.514612568011,
        2910.7996990072816,
        2426.361464128298,
        2605.474510737344
      ],
      "average_memory_mb": [
        1887.3005880776243,
        1980.189705662721,
        2031.0806932458534,
        1784.519603299321,
        1979.6217912924697,
        1942.1811440491679,
        1973.7103338177355,
        1990.0228275586412,
        1924.1387811178984,
        2014.1525977860163,
        1900.5592513669694,
        1854.2468584552728,
        1970.4666089204495,
        2001.6209350186964,
        1927.730491120575,
        1881.1217527094627,
        1602.26279282525,
        1775.397571409469,
        1846.4925843649632,
        1833.6755880378216,
        1696.177349741738,
        1857.6890319384158,
        1908.5871540928424,
        1873.4182535584912,
        1711.1672473714436
      ],
      "memory_leaks": 12,
      "optimization_level": "none",
      "mean_peak_memory": 2854.0921469753266,
      "mean_average_memory": 1885.9012614735723,
      "efficiency_score": 4.863595100822451
    },